firstname,lastname,address,user_id
Jordan,Tang,my address,1000
jordan,tang,myaddress,1001
jordan,tang,address,1002
jordan,tang,address,1003
jordan,tang,address,1004
jordan,tang,address,1005
jordan,tang,address,1006
jordan,tang,address,1007
jordan,tang,address,1008
jordan,tang,address,1009
jordan,tang,address,1010
jordan,tang,address,1011
jordan,tang,address,1012
jordan,tang,address,1013
jordan,tang,address,1014
jordan,tang,address,1015
jordan,tang,address,1016
jordan,tang,address,1017
jordan,tang,address,1018
